{
  "N_valid": 8654,
  "mu_eV": 0.0005545791899629565,
  "sigma_eV": 0.00043492775504761915,
  "min_eV": 5.405403236125039e-08,
  "max_eV": 0.004543104733083947,
  "median_eV": 0.00047368347635523556,
  "mean+sigma_criteria": {
    "mu+1.0\u03c3": {
      "threshold_eV": 0.0009895069450105757,
      "count": 1105,
      "fraction_%": 12.76866189045528
    },
    "mu+1.25\u03c3": {
      "threshold_eV": 0.0010982388837724804,
      "count": 833,
      "fraction_%": 9.625606655881674
    },
    "mu+1.5\u03c3": {
      "threshold_eV": 0.0012069708225343851,
      "count": 643,
      "fraction_%": 7.430090131730991
    },
    "mu+1.75\u03c3": {
      "threshold_eV": 0.00131570276129629,
      "count": 488,
      "fraction_%": 5.639010862029119
    },
    "mu+2.0\u03c3": {
      "threshold_eV": 0.0014244347000581948,
      "count": 323,
      "fraction_%": 3.732378091056159
    }
  }
}