{
  "MACET2": [
    {
      "ensemble": "MACET2",
      "file": "/home/phanim/harshitrawat/summer/MS_LLZO_surface_data-master/stoichiometric/Zr_terminated_001/opt_code93.vasp",
      "facet": "001",
      "termination": "Zr_terminated",
      "n_formula_units": 12,
      "n_atoms": 288,
      "area_A2": 167.757618816138,
      "vacuum_axis": 2,
      "inplane_axes": "(0, 1)",
      "area_detection": "facet_map",
      "E_slab_eV_avg": -2117.1154456919044,
      "gamma_eV_A2_avg": 0.08099809032990321,
      "gamma_J_m2_avg": 1.2977324772519228,
      "deltaE_eV_per_atom_avg": -2.38745747528045,
      "E_slab_eV_m1": -2117.1162535741887,
      "gamma_eV_A2_m1": 0.0793223132706628,
      "gamma_J_m2_m1": 1.2708835687708406,
      "deltaE_eV_per_atom_m1": -2.388759912038301,
      "model_path_m1": "/home/phanim/harshitrawat/summer/checkpoints/mace_T2_w1_2heads_final_run-10.model",
      "E_slab_eV_m2": -2117.336035919337,
      "gamma_eV_A2_m2": 0.07993118723145398,
      "gamma_J_m2_m2": 1.280638805101147,
      "deltaE_eV_per_atom_m2": -2.388541404355272,
      "model_path_m2": "/home/phanim/harshitrawat/summer/checkpoints/mace_T2_w2_2heads_final_run-20.model",
      "E_slab_eV_m3": -2117.9665195791076,
      "gamma_eV_A2_m3": 0.08082384198430173,
      "gamma_J_m2_m3": 1.2949407109735642,
      "deltaE_eV_per_atom_m3": -2.388577845462587,
      "model_path_m3": "/home/phanim/harshitrawat/summer/checkpoints/mace_T2_w3_2heads_final_run-30.model",
      "E_slab_eV_m4": -2116.042973694985,
      "gamma_eV_A2_m4": 0.08391501883319433,
      "gamma_J_m2_m4": 1.344466824162139,
      "deltaE_eV_per_atom_m4": -2.38395073926564,
      "model_path_m4": "/home/phanim/harshitrawat/summer/checkpoints/mace_T2_w4_2heads_final_run-40.model"
    },
    {
      "ensemble": "MACET2",
      "file": "/home/phanim/harshitrawat/summer/MS_LLZO_surface_data-master/stoichiometric/La_terminated_011/opt_code71.vasp",
      "facet": "011",
      "termination": "La_terminated",
      "n_formula_units": 12,
      "n_atoms": 288,
      "area_A2": 120.97933624773802,
      "vacuum_axis": 2,
      "inplane_axes": "(0, 1)",
      "area_detection": "vacuum_fraction",
      "E_slab_eV_avg": -2133.475692511086,
      "gamma_eV_A2_avg": 0.044701215269804126,
      "gamma_J_m2_avg": 0.7161924261668418,
      "deltaE_eV_per_atom_avg": -2.4442638878470535,
      "E_slab_eV_m1": -2133.2574482295,
      "gamma_eV_A2_m1": 0.04328280537839729,
      "gamma_J_m2_m1": 0.6934669943123767,
      "deltaE_eV_per_atom_m1": -2.4448057268136876,
      "model_path_m1": "/home/phanim/harshitrawat/summer/checkpoints/mace_T2_w1_2heads_final_run-10.model",
      "E_slab_eV_m2": -2133.477216343229,
      "gamma_eV_A2_m2": 0.044127167438063004,
      "gamma_J_m2_m2": 0.7069951659387018,
      "deltaE_eV_per_atom_m2": -2.4445871697160078,
      "model_path_m2": "/home/phanim/harshitrawat/summer/checkpoints/mace_T2_w2_2heads_final_run-20.model",
      "E_slab_eV_m3": -2134.1186973242898,
      "gamma_eV_A2_m3": 0.045319527882346944,
      "gamma_J_m2_m3": 0.7260988863700777,
      "deltaE_eV_per_atom_m3": -2.444661795966691,
      "model_path_m3": "/home/phanim/harshitrawat/summer/checkpoints/mace_T2_w3_2heads_final_run-30.model",
      "E_slab_eV_m4": -2133.0494081473266,
      "gamma_eV_A2_m4": 0.046075360380409255,
      "gamma_J_m2_m4": 0.7382086580462106,
      "deltaE_eV_per_atom_m4": -2.443000858891826,
      "model_path_m4": "/home/phanim/harshitrawat/summer/checkpoints/mace_T2_w4_2heads_final_run-40.model"
    },
    {
      "ensemble": "MACET2",
      "file": "/home/phanim/harshitrawat/summer/MS_LLZO_surface_data-master/stoichiometric/Li_terminated_031/opt.vasp",
      "facet": "031",
      "termination": "Li_terminated",
      "n_formula_units": 16,
      "n_atoms": 384,
      "area_A2": 266.310417873864,
      "vacuum_axis": 2,
      "inplane_axes": "(0, 1)",
      "area_detection": "vacuum_fraction",
      "E_slab_eV_avg": -2833.114717144874,
      "gamma_eV_A2_avg": 0.048703818432072825,
      "gamma_J_m2_avg": 0.7803211987844559,
      "deltaE_eV_per_atom_avg": -3.6551745425357782,
      "E_slab_eV_m1": -2832.9712065296844,
      "gamma_eV_A2_m1": 0.04756778102580915,
      "gamma_J_m2_m1": 0.7621198729077997,
      "deltaE_eV_per_atom_m1": -3.655775540683663,
      "model_path_m1": "/home/phanim/harshitrawat/summer/checkpoints/mace_T2_w1_2heads_final_run-10.model",
      "E_slab_eV_m2": -2833.346952686028,
      "gamma_eV_A2_m2": 0.0479239048321782,
      "gamma_J_m2_m2": 0.767825605321556,
      "deltaE_eV_per_atom_m2": -3.656017815679712,
      "model_path_m2": "/home/phanim/harshitrawat/summer/checkpoints/mace_T2_w2_2heads_final_run-20.model",
      "E_slab_eV_m3": -2833.8114421409864,
      "gamma_eV_A2_m3": 0.04937988953033775,
      "gamma_J_m2_m3": 0.7911530519500837,
      "deltaE_eV_per_atom_m3": -3.6556128699351658,
      "model_path_m3": "/home/phanim/harshitrawat/summer/checkpoints/mace_T2_w3_2heads_final_run-30.model",
      "E_slab_eV_m4": -2832.3292672227963,
      "gamma_eV_A2_m4": 0.049943698339966196,
      "gamma_J_m2_m4": 0.8001862649583842,
      "deltaE_eV_per_atom_m4": -3.6532919438445717,
      "model_path_m4": "/home/phanim/harshitrawat/summer/checkpoints/mace_T2_w4_2heads_final_run-40.model"
    },
    {
      "ensemble": "MACET2",
      "file": "/home/phanim/harshitrawat/summer/MS_LLZO_surface_data-master/stoichiometric/Zr_terminated_110/opt_code95.vasp",
      "facet": "110",
      "termination": "Zr_terminated",
      "n_formula_units": 12,
      "n_atoms": 288,
      "area_A2": 118.622582291654,
      "vacuum_axis": 2,
      "inplane_axes": "(0, 1)",
      "area_detection": "vacuum_fraction",
      "E_slab_eV_avg": -2128.0153290948824,
      "gamma_eV_A2_avg": 0.06860502362780403,
      "gamma_J_m2_avg": 1.0991736583148553,
      "deltaE_eV_per_atom_avg": -2.425304292651901,
      "E_slab_eV_m1": -2127.794071957404,
      "gamma_eV_A2_m1": 0.06717113257639072,
      "gamma_J_m2_m1": 1.0762001909320942,
      "deltaE_eV_per_atom_m1": -2.4258356703133543,
      "model_path_m1": "/home/phanim/harshitrawat/summer/checkpoints/mace_T2_w1_2heads_final_run-10.model",
      "E_slab_eV_m2": -2128.0637632695725,
      "gamma_eV_A2_m2": 0.06782184141125319,
      "gamma_J_m2_m2": 1.0866256958396345,
      "deltaE_eV_per_atom_m2": -2.425790457654701,
      "model_path_m2": "/home/phanim/harshitrawat/summer/checkpoints/mace_T2_w2_2heads_final_run-20.model",
      "E_slab_eV_m3": -2128.659279761584,
      "gamma_eV_A2_m3": 0.06923163385052933,
      "gamma_J_m2_m3": 1.1092130608896154,
      "deltaE_eV_per_atom_m3": -2.425705484985074,
      "model_path_m3": "/home/phanim/harshitrawat/summer/checkpoints/mace_T2_w3_2heads_final_run-30.model",
      "E_slab_eV_m4": -2127.5442013909696,
      "gamma_eV_A2_m4": 0.07019548667304287,
      "gamma_J_m2_m4": 1.124655685598077,
      "deltaE_eV_per_atom_m4": -2.4238855576544753,
      "model_path_m4": "/home/phanim/harshitrawat/summer/checkpoints/mace_T2_w4_2heads_final_run-40.model"
    }
  ],
  "MACET1": [
    {
      "ensemble": "MACET1",
      "file": "/home/phanim/harshitrawat/summer/MS_LLZO_surface_data-master/stoichiometric/Zr_terminated_001/opt_code93.vasp",
      "facet": "001",
      "termination": "Zr_terminated",
      "n_formula_units": 12,
      "n_atoms": 288,
      "area_A2": 167.757618816138,
      "vacuum_axis": 2,
      "inplane_axes": "(0, 1)",
      "area_detection": "facet_map",
      "E_slab_eV_avg": -2116.7663957977356,
      "gamma_eV_A2_avg": 0.08213501412876352,
      "gamma_J_m2_avg": 1.3159480047036478,
      "deltaE_eV_per_atom_avg": -2.386170484063716,
      "E_slab_eV_m1": -2118.4914627997773,
      "gamma_eV_A2_m1": 0.08043102076164983,
      "gamma_J_m2_m1": 1.2886470211308423,
      "deltaE_eV_per_atom_m1": -2.38949050545379,
      "model_path_m1": "/home/phanim/harshitrawat/summer/checkpoints/mace_T1_w1_2heads_final_run-10.model",
      "E_slab_eV_m2": -2116.6702915255705,